-- MySQL dump 10.13  Distrib 5.5.50, for debian-linux-gnu (x86_64)
--
-- Host: vignesk70.mysql.pythonanywhere-services.com    Database: vignesk70$pcmapp
-- ------------------------------------------------------
-- Server version	5.6.27-log

/*!40101 SET @OLD_CHARACTER_SET_CLIENT=@@CHARACTER_SET_CLIENT */;
/*!40101 SET @OLD_CHARACTER_SET_RESULTS=@@CHARACTER_SET_RESULTS */;
/*!40101 SET @OLD_COLLATION_CONNECTION=@@COLLATION_CONNECTION */;
/*!40101 SET NAMES utf8 */;
/*!40103 SET @OLD_TIME_ZONE=@@TIME_ZONE */;
/*!40103 SET TIME_ZONE='+00:00' */;
/*!40014 SET @OLD_UNIQUE_CHECKS=@@UNIQUE_CHECKS, UNIQUE_CHECKS=0 */;
/*!40014 SET @OLD_FOREIGN_KEY_CHECKS=@@FOREIGN_KEY_CHECKS, FOREIGN_KEY_CHECKS=0 */;
/*!40101 SET @OLD_SQL_MODE=@@SQL_MODE, SQL_MODE='NO_AUTO_VALUE_ON_ZERO' */;
/*!40111 SET @OLD_SQL_NOTES=@@SQL_NOTES, SQL_NOTES=0 */;

--
-- Table structure for table `auth_group`
--

DROP TABLE IF EXISTS `auth_group`;
/*!40101 SET @saved_cs_client     = @@character_set_client */;
/*!40101 SET character_set_client = utf8 */;
CREATE TABLE `auth_group` (
  `id` int(11) NOT NULL AUTO_INCREMENT,
  `name` varchar(80) NOT NULL,
  PRIMARY KEY (`id`),
  UNIQUE KEY `name` (`name`)
) ENGINE=InnoDB DEFAULT CHARSET=utf8;
/*!40101 SET character_set_client = @saved_cs_client */;

--
-- Dumping data for table `auth_group`
--

LOCK TABLES `auth_group` WRITE;
/*!40000 ALTER TABLE `auth_group` DISABLE KEYS */;
/*!40000 ALTER TABLE `auth_group` ENABLE KEYS */;
UNLOCK TABLES;

--
-- Table structure for table `auth_group_permissions`
--

DROP TABLE IF EXISTS `auth_group_permissions`;
/*!40101 SET @saved_cs_client     = @@character_set_client */;
/*!40101 SET character_set_client = utf8 */;
CREATE TABLE `auth_group_permissions` (
  `id` int(11) NOT NULL AUTO_INCREMENT,
  `group_id` int(11) NOT NULL,
  `permission_id` int(11) NOT NULL,
  PRIMARY KEY (`id`),
  UNIQUE KEY `auth_group_permissions_group_id_permission_id_0cd325b0_uniq` (`group_id`,`permission_id`),
  KEY `auth_group_permissio_permission_id_84c5c92e_fk_auth_perm` (`permission_id`),
  CONSTRAINT `auth_group_permissio_permission_id_84c5c92e_fk_auth_perm` FOREIGN KEY (`permission_id`) REFERENCES `auth_permission` (`id`),
  CONSTRAINT `auth_group_permissions_group_id_b120cbf9_fk_auth_group_id` FOREIGN KEY (`group_id`) REFERENCES `auth_group` (`id`)
) ENGINE=InnoDB DEFAULT CHARSET=utf8;
/*!40101 SET character_set_client = @saved_cs_client */;

--
-- Dumping data for table `auth_group_permissions`
--

LOCK TABLES `auth_group_permissions` WRITE;
/*!40000 ALTER TABLE `auth_group_permissions` DISABLE KEYS */;
/*!40000 ALTER TABLE `auth_group_permissions` ENABLE KEYS */;
UNLOCK TABLES;

--
-- Table structure for table `auth_permission`
--

DROP TABLE IF EXISTS `auth_permission`;
/*!40101 SET @saved_cs_client     = @@character_set_client */;
/*!40101 SET character_set_client = utf8 */;
CREATE TABLE `auth_permission` (
  `id` int(11) NOT NULL AUTO_INCREMENT,
  `name` varchar(255) NOT NULL,
  `content_type_id` int(11) NOT NULL,
  `codename` varchar(100) NOT NULL,
  PRIMARY KEY (`id`),
  UNIQUE KEY `auth_permission_content_type_id_codename_01ab375a_uniq` (`content_type_id`,`codename`),
  CONSTRAINT `auth_permission_content_type_id_2f476e4b_fk_django_co` FOREIGN KEY (`content_type_id`) REFERENCES `django_content_type` (`id`)
) ENGINE=InnoDB AUTO_INCREMENT=28 DEFAULT CHARSET=utf8;
/*!40101 SET character_set_client = @saved_cs_client */;

--
-- Dumping data for table `auth_permission`
--

LOCK TABLES `auth_permission` WRITE;
/*!40000 ALTER TABLE `auth_permission` DISABLE KEYS */;
INSERT INTO `auth_permission` VALUES (1,'Can add member',1,'add_member'),(2,'Can change member',1,'change_member'),(3,'Can delete member',1,'delete_member'),(4,'Can add car',2,'add_car'),(5,'Can change car',2,'change_car'),(6,'Can delete car',2,'delete_car'),(7,'Can add payment',3,'add_payment'),(8,'Can change payment',3,'change_payment'),(9,'Can delete payment',3,'delete_payment'),(10,'Can add log entry',4,'add_logentry'),(11,'Can change log entry',4,'change_logentry'),(12,'Can delete log entry',4,'delete_logentry'),(13,'Can add permission',5,'add_permission'),(14,'Can change permission',5,'change_permission'),(15,'Can delete permission',5,'delete_permission'),(16,'Can add group',6,'add_group'),(17,'Can change group',6,'change_group'),(18,'Can delete group',6,'delete_group'),(19,'Can add user',7,'add_user'),(20,'Can change user',7,'change_user'),(21,'Can delete user',7,'delete_user'),(22,'Can add content type',8,'add_contenttype'),(23,'Can change content type',8,'change_contenttype'),(24,'Can delete content type',8,'delete_contenttype'),(25,'Can add session',9,'add_session'),(26,'Can change session',9,'change_session'),(27,'Can delete session',9,'delete_session');
/*!40000 ALTER TABLE `auth_permission` ENABLE KEYS */;
UNLOCK TABLES;

--
-- Table structure for table `auth_user`
--

DROP TABLE IF EXISTS `auth_user`;
/*!40101 SET @saved_cs_client     = @@character_set_client */;
/*!40101 SET character_set_client = utf8 */;
CREATE TABLE `auth_user` (
  `id` int(11) NOT NULL AUTO_INCREMENT,
  `password` varchar(128) NOT NULL,
  `last_login` datetime(6) DEFAULT NULL,
  `is_superuser` tinyint(1) NOT NULL,
  `username` varchar(150) NOT NULL,
  `first_name` varchar(30) NOT NULL,
  `last_name` varchar(150) NOT NULL,
  `email` varchar(254) NOT NULL,
  `is_staff` tinyint(1) NOT NULL,
  `is_active` tinyint(1) NOT NULL,
  `date_joined` datetime(6) NOT NULL,
  PRIMARY KEY (`id`),
  UNIQUE KEY `username` (`username`)
) ENGINE=InnoDB AUTO_INCREMENT=2 DEFAULT CHARSET=utf8;
/*!40101 SET character_set_client = @saved_cs_client */;

--
-- Dumping data for table `auth_user`
--

LOCK TABLES `auth_user` WRITE;
/*!40000 ALTER TABLE `auth_user` DISABLE KEYS */;
INSERT INTO `auth_user` VALUES (1,'pbkdf2_sha256$100000$4r0df4MnOGWD$P3PSYDd1PMYLGYm9iQJhaWfJs2LfR3l3iWgQv8ssMzo=','2018-05-26 15:49:36.644176',1,'admin','','','',1,1,'2018-05-26 07:44:19.930066');
/*!40000 ALTER TABLE `auth_user` ENABLE KEYS */;
UNLOCK TABLES;

--
-- Table structure for table `auth_user_groups`
--

DROP TABLE IF EXISTS `auth_user_groups`;
/*!40101 SET @saved_cs_client     = @@character_set_client */;
/*!40101 SET character_set_client = utf8 */;
CREATE TABLE `auth_user_groups` (
  `id` int(11) NOT NULL AUTO_INCREMENT,
  `user_id` int(11) NOT NULL,
  `group_id` int(11) NOT NULL,
  PRIMARY KEY (`id`),
  UNIQUE KEY `auth_user_groups_user_id_group_id_94350c0c_uniq` (`user_id`,`group_id`),
  KEY `auth_user_groups_group_id_97559544_fk_auth_group_id` (`group_id`),
  CONSTRAINT `auth_user_groups_group_id_97559544_fk_auth_group_id` FOREIGN KEY (`group_id`) REFERENCES `auth_group` (`id`),
  CONSTRAINT `auth_user_groups_user_id_6a12ed8b_fk_auth_user_id` FOREIGN KEY (`user_id`) REFERENCES `auth_user` (`id`)
) ENGINE=InnoDB DEFAULT CHARSET=utf8;
/*!40101 SET character_set_client = @saved_cs_client */;

--
-- Dumping data for table `auth_user_groups`
--

LOCK TABLES `auth_user_groups` WRITE;
/*!40000 ALTER TABLE `auth_user_groups` DISABLE KEYS */;
/*!40000 ALTER TABLE `auth_user_groups` ENABLE KEYS */;
UNLOCK TABLES;

--
-- Table structure for table `auth_user_user_permissions`
--

DROP TABLE IF EXISTS `auth_user_user_permissions`;
/*!40101 SET @saved_cs_client     = @@character_set_client */;
/*!40101 SET character_set_client = utf8 */;
CREATE TABLE `auth_user_user_permissions` (
  `id` int(11) NOT NULL AUTO_INCREMENT,
  `user_id` int(11) NOT NULL,
  `permission_id` int(11) NOT NULL,
  PRIMARY KEY (`id`),
  UNIQUE KEY `auth_user_user_permissions_user_id_permission_id_14a6b632_uniq` (`user_id`,`permission_id`),
  KEY `auth_user_user_permi_permission_id_1fbb5f2c_fk_auth_perm` (`permission_id`),
  CONSTRAINT `auth_user_user_permi_permission_id_1fbb5f2c_fk_auth_perm` FOREIGN KEY (`permission_id`) REFERENCES `auth_permission` (`id`),
  CONSTRAINT `auth_user_user_permissions_user_id_a95ead1b_fk_auth_user_id` FOREIGN KEY (`user_id`) REFERENCES `auth_user` (`id`)
) ENGINE=InnoDB DEFAULT CHARSET=utf8;
/*!40101 SET character_set_client = @saved_cs_client */;

--
-- Dumping data for table `auth_user_user_permissions`
--

LOCK TABLES `auth_user_user_permissions` WRITE;
/*!40000 ALTER TABLE `auth_user_user_permissions` DISABLE KEYS */;
/*!40000 ALTER TABLE `auth_user_user_permissions` ENABLE KEYS */;
UNLOCK TABLES;

--
-- Table structure for table `django_admin_log`
--

DROP TABLE IF EXISTS `django_admin_log`;
/*!40101 SET @saved_cs_client     = @@character_set_client */;
/*!40101 SET character_set_client = utf8 */;
CREATE TABLE `django_admin_log` (
  `id` int(11) NOT NULL AUTO_INCREMENT,
  `action_time` datetime(6) NOT NULL,
  `object_id` longtext,
  `object_repr` varchar(200) NOT NULL,
  `action_flag` smallint(5) unsigned NOT NULL,
  `change_message` longtext NOT NULL,
  `content_type_id` int(11) DEFAULT NULL,
  `user_id` int(11) NOT NULL,
  PRIMARY KEY (`id`),
  KEY `django_admin_log_content_type_id_c4bce8eb_fk_django_co` (`content_type_id`),
  KEY `django_admin_log_user_id_c564eba6_fk` (`user_id`),
  CONSTRAINT `django_admin_log_content_type_id_c4bce8eb_fk_django_co` FOREIGN KEY (`content_type_id`) REFERENCES `django_content_type` (`id`),
  CONSTRAINT `django_admin_log_user_id_c564eba6_fk` FOREIGN KEY (`user_id`) REFERENCES `auth_user` (`id`)
) ENGINE=InnoDB AUTO_INCREMENT=3 DEFAULT CHARSET=utf8;
/*!40101 SET character_set_client = @saved_cs_client */;

--
-- Dumping data for table `django_admin_log`
--

LOCK TABLES `django_admin_log` WRITE;
/*!40000 ALTER TABLE `django_admin_log` DISABLE KEYS */;
INSERT INTO `django_admin_log` VALUES (1,'2018-06-01 10:55:16.733577','117','NOORHANEEF BIN BAHARUDDIN',1,'[{\"added\": {}}, {\"added\": {\"name\": \"car\", \"object\": \"WC7378M\"}}, {\"added\": {\"name\": \"payment\", \"object\": \"Payment object (117)\"}}]',1,1),(2,'2018-06-01 14:28:39.223735','31','VIGNESWAREN A/L M.KRISHNAMOORTHY',2,'[{\"changed\": {\"fields\": [\"member_birthdate\", \"member_address_state\", \"member_address_postcode\"]}}]',1,1);
/*!40000 ALTER TABLE `django_admin_log` ENABLE KEYS */;
UNLOCK TABLES;

--
-- Table structure for table `django_content_type`
--

DROP TABLE IF EXISTS `django_content_type`;
/*!40101 SET @saved_cs_client     = @@character_set_client */;
/*!40101 SET character_set_client = utf8 */;
CREATE TABLE `django_content_type` (
  `id` int(11) NOT NULL AUTO_INCREMENT,
  `app_label` varchar(100) NOT NULL,
  `model` varchar(100) NOT NULL,
  PRIMARY KEY (`id`),
  UNIQUE KEY `django_content_type_app_label_model_76bd3d3b_uniq` (`app_label`,`model`)
) ENGINE=InnoDB AUTO_INCREMENT=10 DEFAULT CHARSET=utf8;
/*!40101 SET character_set_client = @saved_cs_client */;

--
-- Dumping data for table `django_content_type`
--

LOCK TABLES `django_content_type` WRITE;
/*!40000 ALTER TABLE `django_content_type` DISABLE KEYS */;
INSERT INTO `django_content_type` VALUES (4,'admin','logentry'),(6,'auth','group'),(5,'auth','permission'),(7,'auth','user'),(8,'contenttypes','contenttype'),(2,'pcmapp','car'),(1,'pcmapp','member'),(3,'pcmapp','payment'),(9,'sessions','session');
/*!40000 ALTER TABLE `django_content_type` ENABLE KEYS */;
UNLOCK TABLES;

--
-- Table structure for table `django_migrations`
--

DROP TABLE IF EXISTS `django_migrations`;
/*!40101 SET @saved_cs_client     = @@character_set_client */;
/*!40101 SET character_set_client = utf8 */;
CREATE TABLE `django_migrations` (
  `id` int(11) NOT NULL AUTO_INCREMENT,
  `app` varchar(255) NOT NULL,
  `name` varchar(255) NOT NULL,
  `applied` datetime(6) NOT NULL,
  PRIMARY KEY (`id`)
) ENGINE=InnoDB AUTO_INCREMENT=38 DEFAULT CHARSET=utf8;
/*!40101 SET character_set_client = @saved_cs_client */;

--
-- Dumping data for table `django_migrations`
--

LOCK TABLES `django_migrations` WRITE;
/*!40000 ALTER TABLE `django_migrations` DISABLE KEYS */;
INSERT INTO `django_migrations` VALUES (1,'contenttypes','0001_initial','2018-05-06 07:25:40.124407'),(2,'auth','0001_initial','2018-05-06 07:26:03.960752'),(3,'admin','0001_initial','2018-05-06 07:26:11.110842'),(4,'admin','0002_logentry_remove_auto_add','2018-05-06 07:26:11.168816'),(5,'contenttypes','0002_remove_content_type_name','2018-05-06 07:26:11.308854'),(6,'auth','0002_alter_permission_name_max_length','2018-05-06 07:26:11.376907'),(7,'auth','0003_alter_user_email_max_length','2018-05-06 07:26:11.444704'),(8,'auth','0004_alter_user_username_opts','2018-05-06 07:26:11.480852'),(9,'auth','0005_alter_user_last_login_null','2018-05-06 07:26:11.551442'),(10,'auth','0006_require_contenttypes_0002','2018-05-06 07:26:11.558888'),(11,'auth','0007_alter_validators_add_error_messages','2018-05-06 07:26:11.592364'),(12,'auth','0008_alter_user_username_max_length','2018-05-06 07:26:11.732416'),(13,'auth','0009_alter_user_last_name_max_length','2018-05-06 07:26:11.791808'),(14,'pcmapp','0001_initial','2018-05-06 07:26:16.267221'),(15,'pcmapp','0002_auto_20180413_0508','2018-05-06 07:26:28.933419'),(16,'pcmapp','0003_payment_member','2018-05-06 07:26:29.912871'),(17,'pcmapp','0004_auto_20180420_0406','2018-05-06 07:26:29.963482'),(18,'pcmapp','0005_auto_20180420_0413','2018-05-06 07:26:29.992855'),(19,'pcmapp','0006_auto_20180420_0418','2018-05-06 07:26:30.018513'),(20,'pcmapp','0007_auto_20180420_0420','2018-05-06 07:26:30.080864'),(21,'pcmapp','0008_auto_20180420_0426','2018-05-06 07:26:30.124086'),(22,'pcmapp','0009_auto_20180420_0428','2018-05-06 07:26:30.153319'),(23,'pcmapp','0010_auto_20180420_0429','2018-05-06 07:26:30.169431'),(24,'pcmapp','0011_auto_20180420_0435','2018-05-06 07:26:30.189191'),(25,'sessions','0001_initial','2018-05-06 07:26:32.941234'),(26,'pcmapp','0012_auto_20180508_0158','2018-05-08 01:58:43.528891'),(27,'pcmapp','0013_auto_20180508_0241','2018-05-08 02:41:06.442758'),(28,'pcmapp','0014_auto_20180508_0857','2018-05-08 08:58:12.436194'),(29,'pcmapp','0015_auto_20180515_1535','2018-05-15 15:35:37.903023'),(30,'pcmapp','0016_auto_20180515_1539','2018-05-15 15:39:34.082591'),(31,'pcmapp','0017_auto_20180515_1542','2018-05-15 15:42:59.696352'),(32,'pcmapp','0018_auto_20180516_1218','2018-05-16 12:18:50.957042'),(33,'pcmapp','0019_auto_20180520_0540','2018-05-20 05:40:33.249763'),(34,'pcmapp','0020_auto_20180523_0452','2018-05-23 04:53:48.071036'),(35,'pcmapp','0021_auto_20180523_0453','2018-05-23 04:53:48.124950'),(36,'pcmapp','0022_auto_20180524_0518','2018-05-24 05:18:26.070738'),(37,'pcmapp','0023_auto_20180526_0742','2018-05-26 07:42:27.616913');
/*!40000 ALTER TABLE `django_migrations` ENABLE KEYS */;
UNLOCK TABLES;

--
-- Table structure for table `django_session`
--

DROP TABLE IF EXISTS `django_session`;
/*!40101 SET @saved_cs_client     = @@character_set_client */;
/*!40101 SET character_set_client = utf8 */;
CREATE TABLE `django_session` (
  `session_key` varchar(40) NOT NULL,
  `session_data` longtext NOT NULL,
  `expire_date` datetime(6) NOT NULL,
  PRIMARY KEY (`session_key`),
  KEY `django_session_expire_date_a5c62663` (`expire_date`)
) ENGINE=InnoDB DEFAULT CHARSET=utf8;
/*!40101 SET character_set_client = @saved_cs_client */;

--
-- Dumping data for table `django_session`
--

LOCK TABLES `django_session` WRITE;
/*!40000 ALTER TABLE `django_session` DISABLE KEYS */;
INSERT INTO `django_session` VALUES ('4qmsbwx4wiuqcipya4yyhvix4bouub90','MDhlZGVlZTZhNWY1MWRlODY3N2FjNTc5ZjA3MjE3YWI2ZGQ4YzYyMDp7Il9hdXRoX3VzZXJfYmFja2VuZCI6ImRqYW5nby5jb250cmliLmF1dGguYmFja2VuZHMuTW9kZWxCYWNrZW5kIiwiX2F1dGhfdXNlcl9oYXNoIjoiOGUwZjdkOGZjNGJhMzkwMjRhOTMyOTMxMWRkMTA0MTYwNDlkYzM5OCIsIl9hdXRoX3VzZXJfaWQiOiIxIn0=','2018-06-09 12:12:44.905546'),('kqft0hzbbf6mwh1ejsmdu6uzqbavly67','Y2JmNzgyNzkwMTc1MTE4MDk0Y2VkNTEzOWQ1ZGE5MWYyOTAyYmM0Yjp7Il9hdXRoX3VzZXJfaGFzaCI6IjhlMGY3ZDhmYzRiYTM5MDI0YTkzMjkzMTFkZDEwNDE2MDQ5ZGMzOTgiLCJfYXV0aF91c2VyX2JhY2tlbmQiOiJkamFuZ28uY29udHJpYi5hdXRoLmJhY2tlbmRzLk1vZGVsQmFja2VuZCIsIl9hdXRoX3VzZXJfaWQiOiIxIn0=','2018-06-09 07:44:35.486632'),('mkkofods647ebsc1rg97xpgx9ckapeom','MDhlZGVlZTZhNWY1MWRlODY3N2FjNTc5ZjA3MjE3YWI2ZGQ4YzYyMDp7Il9hdXRoX3VzZXJfYmFja2VuZCI6ImRqYW5nby5jb250cmliLmF1dGguYmFja2VuZHMuTW9kZWxCYWNrZW5kIiwiX2F1dGhfdXNlcl9oYXNoIjoiOGUwZjdkOGZjNGJhMzkwMjRhOTMyOTMxMWRkMTA0MTYwNDlkYzM5OCIsIl9hdXRoX3VzZXJfaWQiOiIxIn0=','2018-06-09 15:49:36.658953');
/*!40000 ALTER TABLE `django_session` ENABLE KEYS */;
UNLOCK TABLES;

--
-- Table structure for table `pcmapp_car`
--

DROP TABLE IF EXISTS `pcmapp_car`;
/*!40101 SET @saved_cs_client     = @@character_set_client */;
/*!40101 SET character_set_client = utf8 */;
CREATE TABLE `pcmapp_car` (
  `id` int(11) NOT NULL AUTO_INCREMENT,
  `car_reg_no` varchar(20) NOT NULL,
  `car_model` varchar(20) NOT NULL,
  `car_engine_chasis` varchar(20) DEFAULT NULL,
  `car_primary_sec` smallint(6) DEFAULT NULL,
  `member_id_id` int(11) NOT NULL,
  `car_status` tinyint(1) NOT NULL,
  PRIMARY KEY (`id`),
  KEY `pcmapp_car_member_id_id_041cc7f3_fk_pcmapp_member_id` (`member_id_id`),
  CONSTRAINT `pcmapp_car_member_id_id_041cc7f3_fk_pcmapp_member_id` FOREIGN KEY (`member_id_id`) REFERENCES `pcmapp_member` (`id`)
) ENGINE=InnoDB AUTO_INCREMENT=118 DEFAULT CHARSET=utf8;
/*!40101 SET character_set_client = @saved_cs_client */;

--
-- Dumping data for table `pcmapp_car`
--

LOCK TABLES `pcmapp_car` WRITE;
/*!40000 ALTER TABLE `pcmapp_car` DISABLE KEYS */;
INSERT INTO `pcmapp_car` VALUES (1,'BNQ1011','2008 HDI','2008 HDI',1,1,1),(2,'BFF3997','406','',1,2,1),(3,'MCS3101','407','',1,3,1),(4,'WYK408','408','EP6 CDTM',1,4,1),(5,'WWV408','408 THP','EP6 CDTM',1,5,1),(6,'WMS7997','508 SW','EP6 DT',1,6,1),(7,'PKW1268','RCZ','EP6 DT',1,7,1),(8,'BMC6698','508 THP','EP6 DT',1,8,1),(9,'NCT3285','508 THP','EP6 DT',1,9,1),(10,'WTA803','308 T7','EP6 DT',1,10,1),(11,'WWB508','508 THP','EP6 CDT ',1,11,1),(12,'JPS3883','508 GT','',1,12,1),(13,'WYW5496','208 VTI','EP6',1,13,1),(14,'PJM5455','508 THP','EP6 DT',1,14,1),(15,'RT171','RCZ','EP6 CDTX',1,15,1),(16,'WAY7814','408 THP','EP6 CDTM',1,16,1),(17,'WSU422','407','',1,17,1),(18,'WA2071V','408 THP','EP6 CDTM',1,18,1),(19,'WTJ5168','407','',1,19,1),(20,'WXN6426','508 THP','EP6 DT',1,20,1),(21,'WST4617','308 T7','EP6 DT',1,21,1),(22,'PLP8379','408 THP','EP6 CDTM',1,22,1),(23,'MCD508','508 THP','EP6 DT',1,23,1),(24,'WWC3882','508 THP','EP6 DT',1,24,1),(25,'PKC9278','508 THP','EP6 DT',1,25,1),(26,'WWH1100','308 T7','EP6 DT',1,26,1),(27,'WUW8893','308 T7','EP6 DT',1,27,1),(28,'WSV7978','308 T7','EP6 DT',1,28,1),(29,'WVD8000','5008 THP','EP6 CDT ',1,29,1),(30,'WVV3216','RCZ','EP6 DT',1,30,1),(31,'WUH9974','407','',1,31,1),(32,'WSL8060','407','',1,32,1),(33,'WVH1337','308 T7','EP6 DT',1,33,1),(34,'WYQ3365','308 T7','EP6DT',1,34,1),(35,'WXJ308','308 T7','EP6 DT',1,35,1),(36,'WWT7683','508 THP','EP6 DT',1,36,1),(37,'BKL5300','308 T7','EP6 DT',1,37,1),(38,'BNQ6499','408 THP','EP6 CDTM',1,38,1),(39,'PJV5288','407','',1,39,1),(40,'WVL5217','308 T7','EP6 DT',1,40,1),(41,'GT3088','308 GT','EP6 DTS',1,41,1),(42,'WYW4624','208 VTI','EP6',1,42,1),(43,'VAS8099','3008 P84','EP6 FDT MD / EMP2',1,43,1),(44,'BGA6666','RCZ','EP6 CDTX',1,44,1),(45,'MBY1551','508 SW','EP6 DT',1,45,1),(46,'SAB8414R','308 T7','EP6 DT',1,46,1),(47,'WVA1585','308 T7','EP6 DT',1,47,1),(48,'BLT2525','508 THP','EP6 DT',1,48,1),(49,'WXC5545','308 T7','EP6 DT',1,49,1),(50,'WXG7088','408','EP6 CDTM',1,50,1),(51,'WSN9899','407','',1,51,1),(52,'WVL7094','3008','EP6 DT',1,52,1),(53,'VC3713','408','EP6 CDTM',1,53,1),(54,'PLD2307','308 T7','EP6 DT',1,54,1),(55,'PLN8916','208 VTI','EP6',1,55,1),(56,'WRQ828','3008','EP6 DT',1,56,1),(57,'WXL8282','208 VTI','EP6',1,57,1),(58,'PLK8093','208 VTI','EP6',1,58,1),(59,'WWQ996','508 THP','EP6 DT',1,59,1),(60,'BNN8844','408','EP6 CDTM',1,60,1),(61,'WLF811','807','',1,61,1),(62,'SAB5515W','RCZ','RCZ EP6',1,62,1),(63,'PMQ7217','308 T9','EP6 FDT MD',1,63,1),(64,'VC3053','308 T9','EP6 FDT MD',1,64,1),(65,'WA5145G','508 THP','EP6 DT',1,65,1),(66,'WXA6415','408 THP','EP6 CDTM',1,66,1),(67,'WA9563V','208 VTI','EP6',1,67,1),(68,'JMJ5995','3008','EP6 DT',1,68,1),(69,'BNG2181','508 THP','EP6CDT ',1,69,1),(70,'WWF508','508 THP','EP6 DT',1,70,1),(71,'PKT6933','308 THP','EP6 DT',1,71,1),(72,'WRV23','508 THP','EP6 DT',1,72,1),(73,'MCH3718','408 THP','EP6 CDTM',1,73,1),(74,'AJH208','208 VTI','EP6',1,74,1),(75,'WUV803','308 T7','EP6 DT',1,75,1),(76,'BNM2002','508 GT','',1,76,1),(77,'WD6284D','308 T9 ','EP6 FDT MD',1,77,1),(78,'PLA5508','508 THP','EP6 DT',1,78,1),(79,'PLD2986','508 THP','EP6 DT',1,79,1),(80,'WA5515T','508 THP','EP6 DT',1,80,1),(81,'BMJ9038','3008','EP6 DT',1,81,1),(82,'VAE4753','2008','EP6',1,82,1),(83,'BLE7272','207','',1,83,1),(84,'WXP6283','508 THP','EP6 DT',1,84,1),(85,'WVV5081','508 THP','EP6 DT',1,85,1),(86,'WYJ1916','208 VTI','EP6',1,86,1),(87,'W2265H','508 THP','EP6 DT',1,87,1),(88,'WA2265H','208 VTI','EP6',1,88,1),(89,'BMM8977','508 THP','EP6 DT',1,89,1),(90,'WWP508','508 THP','EP6 DT',1,90,1),(91,'CDX6200','2008','EP2',1,91,1),(92,'WC5833L','408','EP6 CDTM',1,92,1),(93,'VE7898','408','EP6 CDTM',1,93,1),(94,'WVJ2928','3008','EP6 DT',1,94,1),(95,'VF4166','408','EP6 CDTM',1,95,1),(96,'WXQ1692','408','EP6 CDTM',1,96,1),(97,'TF99','307 SW','1.6 AUTO',1,97,1),(98,'RIMAU6974','408 eTHP','EP6 FDTM',1,98,1),(99,'WA1565D','407','',1,99,1),(100,'WB8041K','308 T9','EP6 DT',1,100,1),(101,'WC7119J','508 SW','EP6 DT',1,101,1),(102,'PLK6408','408','EP6 DT',1,102,1),(103,'BPG8944','208 GTI','',1,103,1),(104,'BLF308','308 CC','',1,104,1),(105,'WYL829','408','EP6',1,105,1),(106,'W2105Q','408','',1,106,1),(107,'WXJ4076','508','EP6 DT',1,107,1),(108,'WTB9985','206','',1,108,1),(109,'WSG7006','407','',1,109,1),(110,'WRH845','407','',1,110,1),(111,'WC9281W','208','',1,111,1),(112,'BMS9079','508','',1,112,1),(113,'W3892N','508','',1,113,1),(114,'WA6854J','5008','',1,114,1),(115,'VAW811','3008','',1,115,1),(116,'W208R','208','',1,116,1),(117,'WC7378M','408',NULL,1,117,1);
/*!40000 ALTER TABLE `pcmapp_car` ENABLE KEYS */;
UNLOCK TABLES;

--
-- Table structure for table `pcmapp_member`
--

DROP TABLE IF EXISTS `pcmapp_member`;
/*!40101 SET @saved_cs_client     = @@character_set_client */;
/*!40101 SET character_set_client = utf8 */;
CREATE TABLE `pcmapp_member` (
  `id` int(11) NOT NULL AUTO_INCREMENT,
  `member_name` varchar(200) NOT NULL,
  `member_phone` varchar(20) NOT NULL,
  `member_since` date DEFAULT NULL,
  `member_email` varchar(200) NOT NULL,
  `member_expiry_date` date DEFAULT NULL,
  `member_address_postcode` varchar(5) DEFAULT NULL,
  `member_address_state` varchar(2) DEFAULT NULL,
  `member_birthdate` date DEFAULT NULL,
  `member_on_chat` tinyint(1) NOT NULL,
  `member_source` varchar(2) DEFAULT NULL,
  PRIMARY KEY (`id`)
) ENGINE=InnoDB AUTO_INCREMENT=118 DEFAULT CHARSET=utf8;
/*!40101 SET character_set_client = @saved_cs_client */;

--
-- Dumping data for table `pcmapp_member`
--

LOCK TABLES `pcmapp_member` WRITE;
/*!40000 ALTER TABLE `pcmapp_member` DISABLE KEYS */;
INSERT INTO `pcmapp_member` VALUES (1,'LEOW MING SIANG, ANDREW','012-268 8053','2004-02-19','blackdolphin8178@hotmail.com','2020-04-13',NULL,NULL,NULL,1,'FB'),(2,'JUSTIN WONG','012-362 1272','2006-02-28','loosan8@gmail.com','2020-02-28',NULL,NULL,NULL,1,'FB'),(3,'LIM TAU YEE, MACNECSS','013-939 1331','2012-05-14','macnecss@gmail.com','2018-05-04',NULL,NULL,NULL,1,'FB'),(4,'ROBIN YAN KOK SOON','017-300 1077','2013-02-28','robinyan@hotmail.my','2020-02-28',NULL,NULL,NULL,1,'FB'),(5,'BOOI JUN JIE / EUGYN BOOI','012-680 0708','2013-04-22','eugynbooi@gmail.com','2020-04-24',NULL,NULL,NULL,1,'FB'),(6,'AZRIL ALI BIN AHMAD RASHID','019-311 3887','2013-04-22','yakon7997@gmail.com','2020-05-01',NULL,NULL,NULL,1,'FB'),(7,'LIM SU LONG / JON LIM','012-472 6888','2013-04-23','jon.kazee@gmail.com','2018-04-23',NULL,NULL,NULL,1,'FB'),(8,'WILSON CHIA KWANG LEUNG','019-241 1850','2014-05-12','wilson2511@gmail.com','2018-05-12',NULL,NULL,NULL,1,'FB'),(9,'CHEOK KENG FATT','019-620 8831','2014-04-22','ckfcheo@gmail.com','2020-04-22',NULL,NULL,NULL,1,'FB'),(10,'HARRY DINESH MAHALINGAM','012-551 6506','2014-04-22','dr.harrydinesh@gmail.com','2018-04-22',NULL,NULL,NULL,1,'FB'),(11,'MOHAMED MUBASHAR BIN AFTAB ','012-610 3332','2014-04-20','mmubashar@gmail.com','2018-04-20',NULL,NULL,NULL,1,'FB'),(12,'FREDDY WONG CHION PYNG','65 8368 0538','2014-04-30','cpwongfreddy@gmail.com','2018-04-30',NULL,NULL,NULL,1,'FB'),(13,'SUNNY NG KENG HAI','016-921 1480','2014-05-05','sunnyng.upc@gmail.com','2018-05-05',NULL,NULL,NULL,1,'FB'),(14,'EE CHEE LOON / JACK EE','018-408 6800','2014-05-04','cheeloonee@gmail.com','2018-05-05',NULL,NULL,NULL,1,'FB'),(15,'BARRY LIM','012-236 9550','2014-05-04','airborne016@gmail.com','2018-05-04',NULL,NULL,NULL,1,'FB'),(16,'MOHD MUSTAQIM BIN MOHD ZAHARI','019-272 7818','2014-05-04','akimzz@yahoo.com.my','2018-05-04',NULL,NULL,NULL,1,'FB'),(17,'MOHD NORIMI RAMELI','019-336 5948','2014-05-06','budakjurus@gmail.com','2018-05-06',NULL,NULL,NULL,1,'FB'),(18,'LOGENATHAN A/L MUNISAMY','019-388 4429','2014-05-14','logen031@gmail.com','2018-05-14',NULL,NULL,NULL,1,'FB'),(19,'TAN LEANG SING / RUSTY','012-460 2088','2014-05-19','tlsing99@gmail.com','2020-05-19',NULL,NULL,NULL,1,'FB'),(20,'ALLAN KENNETH HVIID JENSEN','012-226 0875','2014-06-12','2008ahj@gmail.com','2018-06-12',NULL,NULL,NULL,0,'FB'),(21,'MUHAMAD YAMANI','016-491 3227','2014-06-18','yamani.shahrul@gmail.com','2018-05-18',NULL,NULL,NULL,1,'FB'),(22,'TANG BOON KHEE','012-475 8379','2014-10-23','unitec2006@hotmail.com','2018-10-23',NULL,NULL,NULL,1,'FB'),(23,'MOHAMAD SOFI BIN ISMAIL','013-341 0288','2014-11-10','mohamad.sofi.ismail@gmail.com','2018-11-10',NULL,NULL,NULL,1,'FB'),(24,'CHOO TECK CHUAN, JOHN','012-322 6044','2015-03-17','jcvivahomes@gmail.com','2019-03-17',NULL,NULL,NULL,1,'FB'),(25,'LEE KOK JIUNN','012-472 5785','2015-05-12','Kok_jiunn@hotmail.com','2019-05-12',NULL,NULL,NULL,1,'FB'),(26,'TAN YU ZHAN','012-485 8593','2015-05-17','yuzhan93@gmail.com','2019-05-17',NULL,NULL,NULL,1,'FB'),(27,'JEFFERY GAN','012-206 7388','2015-06-01','','2019-06-01',NULL,NULL,NULL,1,'FB'),(28,'ISKANDAR HADI BIN MD JELA','017-333 7789','2015-05-26','Iskandarhadi@gmail.com','2019-05-26',NULL,NULL,NULL,1,'FB'),(29,'WAYNE WONG','012-345 8087','2015-05-26','waynewongkw@yahoo.com','2019-05-26',NULL,NULL,NULL,1,'FB'),(30,'GRADIENT LOK WAI KEONG','012-329 6007','2015-06-02','gradientlok@gmail.com','2019-06-02',NULL,NULL,NULL,0,'FB'),(31,'VIGNESWAREN A/L M.KRISHNAMOORTHY','019-601 1148','2015-07-04','Vignes_k@yahoo.com','2019-07-04','43000','SL','1970-11-17',1,'FB'),(32,'MOHAMED ZAKRI KHAN B AHMAD','019-388 7081','2015-09-02','mohamedzakrikhan@gmail.com','2019-09-02',NULL,NULL,NULL,1,'FB'),(33,'ALEX TAN','012-258 0248','2015-09-30','alextan81@gmail.com','2019-09-30',NULL,NULL,NULL,1,'FB'),(34,'IBRAHIM BIN AHMAD ZAMANI','012-382 9042','2015-10-16','ibrahimahmadzamani@gmail.com','2019-10-16',NULL,NULL,NULL,1,'FB'),(35,'WILLIAM CHEAH','012-254 6504','2016-01-12','wcheahsc@gmail.com','2020-01-12',NULL,NULL,NULL,1,'FB'),(36,'LOGESWARAN A/L MANIAM / LOGES','012-396 9598','2016-01-21','arulveera@yahoo.com','2020-01-21',NULL,NULL,NULL,1,'FB'),(37,'GAMMA RIZKINATA SATRIANA','011-1668 9645','2016-02-02','gamz95@gmail.com','2020-02-02',NULL,NULL,NULL,1,'FB'),(38,'MUHAMMAD TAUFIQ BIN MOHAM','019-388 8123','2016-02-14','mutasi@gmail.com','2020-02-14',NULL,NULL,NULL,1,'FB'),(39,'LIAU YEE KHEE','019-560 2608','2016-02-15','ykliau@hotmail.com','2020-02-15',NULL,NULL,NULL,1,'FB'),(40,'LOH ZHENG JIE, JAKE','012-838 6955','2016-02-26','Zjloh08@gmail.com','2020-02-26',NULL,NULL,NULL,1,'FB'),(41,'NELSON ANG ZEN KIAT','012-256 9292','2016-02-29','nelsonang@gmail.com','2020-02-28',NULL,NULL,NULL,1,'FB'),(42,'RAJA NAZHATUL SHIMA BINTI RAJA ABDUL AZIZ','019-514 4539','2016-05-26','rajanazhatulshima@yahoo.co.uk','2018-05-26',NULL,NULL,NULL,1,'FB'),(43,'DAPHANIE YONG JIUN LIH','016-382 8099','2016-06-18','daphanieyong@hotmail.com','2018-06-18',NULL,NULL,NULL,0,'FB'),(44,'NICHOLAS KOK (ALLAN KOK)','012-335 6661','2016-06-17','','2018-06-17',NULL,NULL,NULL,1,'FB'),(45,'MUHAMMAD EZMEER ABDUL RAHMAN','017-609 2525','2016-06-29','kicapi@gmail.com','2018-06-29',NULL,NULL,NULL,1,'FB'),(46,'SAIFUL BIN ALI BAKI','012-313 1102','2016-06-17','alibaki.s@nexus.edu.my','2018-06-17',NULL,NULL,NULL,1,'FB'),(47,'NARESH JEYAPALAN','016-673 4440','2016-07-01','mechnaresh93@gmail.com','2018-07-01',NULL,NULL,NULL,1,'FB'),(48,'MOHD FAISAL ABDUL KAHAR','019-667 6372','2016-09-06','mohdfaisalabdkahar@gmail.com','2018-09-06',NULL,NULL,NULL,1,'FB'),(49,'KAIULANI BINTI BUJANG (KAY)','013-664 9387','2016-10-27','bujank01@yahoo.com.sg','2018-10-27',NULL,NULL,NULL,1,'FB'),(50,'MOHAMAD SHAHRIR BIN NAWAWI','012-470 3152','2016-10-27','mohamadshahrir@gmail.com','2018-10-27',NULL,NULL,NULL,1,'FB'),(51,'TEH YONG SHAN / JASON BRENDY','017-438 9588','2016-11-01','jasonbrendy95@gmail.com','2018-11-01',NULL,NULL,NULL,1,'FB'),(52,'PON HONG KONG','012-398 8811','2016-11-03','honkongtra@gmail.com','2018-11-03',NULL,NULL,NULL,1,'FB'),(53,'OH KAH MENG / OCEAN','016-263 6209','2016-11-09','kmnissan@gmail.com','2018-11-09',NULL,NULL,NULL,1,'FB'),(54,'MOHAMAD SHAMEEM BIN SALEEM AHAMED','013-931 7783','2016-11-19','pld2307@yahoo.com','2018-11-19',NULL,NULL,NULL,1,'FB'),(55,'NG ENG LEONG / KEVIN','012-476 3599','2016-11-20','kev770712@gmail.com','2018-11-20',NULL,NULL,NULL,1,'FB'),(56,'MOHAMED MIRZAR BIN ABDUL GHAFFAR','019-241 6441','2016-11-21','md.mirzar@gmail.com','2018-11-21',NULL,NULL,NULL,1,'FB'),(57,'WIL ONG TECK YUNG','018-287 8987','2016-11-21','wilwithsingtel@hotmail.com','2018-11-21',NULL,NULL,NULL,1,'FB'),(58,'TEOH CHIN POH','016-475 2429','2016-11-22','cpteoh9678@yahoo.com','2018-11-22',NULL,NULL,NULL,1,'FB'),(59,'KRIS TAN KWANG CHUNG','012-558 9927','2016-12-12','kris7kc@gmail.com','2018-12-12',NULL,NULL,NULL,1,'FB'),(60,'SHAFARLIZA BINTI SAMSUDDIN ','012-601 6520','2016-12-27','alza8844@gmail.com','2018-12-27',NULL,NULL,NULL,1,'FB'),(61,'HEZAN BIN HAJI MOHD ZAINUDIN','017-885 9588','2017-01-12','hezanrg@gmail.com','2019-01-12',NULL,NULL,NULL,1,'FB'),(62,'BENZ THAM SHIEN SHYONG','012-723 7811','2017-01-17','thamss@gmail.com','2019-01-17',NULL,NULL,NULL,1,'FB'),(63,'BRYAN LEE TONG SIN','012-723 7811','2017-01-17','bryantslee308@gmail.com','2019-01-17',NULL,NULL,NULL,1,'FB'),(64,'BILLY CHAN CHEE YONG','012-622 3480','2017-01-17','Billypru40@gmail.com','2019-01-17',NULL,NULL,NULL,1,'FB'),(65,'NORHARUL NIZAM BIN NORDIN','013-209 5497','2017-01-25','harulnizam@gmail.com','2019-01-25',NULL,NULL,NULL,1,'FB'),(66,'ALSON CHAY','012-232 8370','2017-02-06','alsonean@gmail.com','2019-02-06',NULL,NULL,NULL,1,'FB'),(67,'RASATHILLAGEN RASAINTHIRAN','016-288 3221','2017-02-08','thillagen@gmail.com','2019-02-08',NULL,NULL,NULL,1,'FB'),(68,'CHIOK SEI HAW','017-715 3322','2017-02-19','seihaw@hotmail.com','2019-02-19',NULL,NULL,NULL,1,'FB'),(69,'JUDY LEONG MEI YING','012-393 2878','2017-03-09','judy.jlmy@gmail.com','2019-03-09',NULL,NULL,NULL,1,'FB'),(70,'MOHAMAD SHAFIQ BIN SHAARI','012-473 0755','2017-03-13','mshafiqs@live.com','2019-03-13',NULL,NULL,NULL,1,'FB'),(71,'TAN CHUN KEAT / SEAN TAN','016-475 2210','2017-03-17','ck_5883_v@yahoo.com','2019-03-17',NULL,NULL,NULL,1,'FB'),(72,'LIM CHENG CHIANG, LOUISS','016-233 2426','2017-03-18','louislim2@gmail.com','2019-03-18',NULL,NULL,NULL,1,'FB'),(73,'HO WOON HAN, WILLIE','012-638 6321','2017-03-24','hwh87109@gmail.com','2019-03-24',NULL,NULL,NULL,1,'FB'),(74,'NICKY FUN','017-303 9677','2017-03-27','badteam88@hotmail.com','2019-03-27',NULL,NULL,NULL,1,'FB'),(75,'TEJINDER SINGH','012-300 1253','2017-04-02','tj1313v@gmail.com','2019-04-02',NULL,NULL,NULL,1,'FB'),(76,'MOHAMAD NOOR HISHAM BIN HASHIM','012-391 2966','2017-04-06','icrimsonx@me.com','2019-04-06',NULL,NULL,NULL,1,'FB'),(77,'KENNETH QUEK CHUNG YEE','017- 611 2343','2017-05-16','kennethqcy@gmail.com','2019-05-16',NULL,NULL,NULL,1,'FB'),(78,'LIEW K K','012-3212210','2017-05-18','kkhuenliew@gmail.com','2019-05-18',NULL,NULL,NULL,1,'FB'),(79,'BENNY LIAU YEW SOON','012-326 2033','2017-05-20','benny.liau@yahoo.com','2019-05-20',NULL,NULL,NULL,1,'FB'),(80,'SYED AZHAR BIN SYED AZIZUDDIN','019-222 9268','2017-06-07','aimanofa@yahoo.com','2019-06-07',NULL,NULL,NULL,1,'FB'),(81,'DAVID TAN HENG LIAT','019-666 8030','2017-06-20','Dthliat@gmail.com','2019-06-20',NULL,NULL,NULL,1,'FB'),(82,'SURESH A/L SANTHALINGAM','012-611 5446','2017-07-11','diehard76@hotmail.com','2019-07-11',NULL,NULL,NULL,1,'FB'),(83,'FARAH AINI BINTI HOSNI HUSSEN','017-683 4757','2017-07-14','farahainihosnihussen@yahoo.com','2019-07-14',NULL,NULL,NULL,1,'FB'),(84,'MICHAEL LIM SI HOE','016-556 6800','2017-07-17','lshlim.services@gmail.com','2019-07-17',NULL,NULL,NULL,1,'FB'),(85,'SRIHARI SINGARAVEL','014-718 5896','2017-07-18','candielikethat@gmail.com','2019-07-18',NULL,NULL,NULL,1,'FB'),(86,'LIM YEE WEI','012-209 5044','2017-07-25','ye2wei@gmail.com','2019-07-25',NULL,NULL,NULL,1,'FB'),(87,'RAMESH RAMANATHAN A/L RAMANATHAN','013-304 2265','2017-08-02','rrnathan@deloitte.com','2019-08-02',NULL,NULL,NULL,1,'FB'),(88,'DHAVINDRA KUMARI A/P SUBRAMANIAM','019-353 2689','2017-08-02','dhavk@yahoo.com','2019-08-02',NULL,NULL,NULL,1,'FB'),(89,'LOH KOK FUNG','012-383 6303','2017-08-04','kfcloh@gmail.com','2019-08-04',NULL,NULL,NULL,1,'FB'),(90,'REDZA TAN SRI ABDULLAH','019-272 6969','2017-08-20','redza.abdullah@outlook.com','2019-08-20',NULL,NULL,NULL,1,'FB'),(91,'HOSLINA MOHD ARIP','016-236 1781','2017-09-06','Hoslina@yahoo.com','2019-09-06',NULL,NULL,NULL,1,'FB'),(92,'TEH TEIK HOE','019-3270 672','2017-09-27','thteh49@gmail.com','2019-09-27',NULL,NULL,NULL,1,'FB'),(93,'TAN SIT JAU / SJ','016-306 7654','2017-10-16','sitjau@gmail.com','2019-10-16',NULL,NULL,NULL,1,'FB'),(94,'PUN BOON JIUNN / BJ','016-668 2929','2017-10-30','bj.pun@primolifestyle.com.my','2019-10-30',NULL,NULL,NULL,1,'FB'),(95,'ERIC GIDEON','012-973 3146','2017-11-17','doctorofzealonomics@yahoo.co.uk','2019-11-17',NULL,NULL,NULL,1,'FB'),(96,'NAVIN DEVAGARAM','012-619 4610','2017-12-20','navinn73@hotmail.com','2019-12-20',NULL,NULL,NULL,1,'FB'),(97,'DENNIS YAM WEI KHEN','012-335 1155','2018-01-28','yam.dennis@gmail.com','2020-01-28',NULL,NULL,NULL,1,'FB'),(98,'SUHAIRI SAMSUDIN','019-232 3181','2018-02-17','ecp030@yahoo.com.my','2020-02-17',NULL,NULL,NULL,1,'FB'),(99,'KHAIRI HJ AKSAN','019-225 7589','2018-04-05','abangk@yahoo.com','2020-04-05',NULL,NULL,NULL,1,'FB'),(100,'TEE TING LEONG','012-604 1291','2018-04-05','teetingleong@gmail.com','2020-04-05',NULL,NULL,NULL,1,'FB'),(101,'ENGKU AZIZ BIN CHE ENGKU MAN','019-908 1179','2018-04-05','engkuaziz2014@gmail.com','2020-04-05',NULL,NULL,NULL,1,'FB'),(102,'FOO SAIK JIANG','012-412 1518','2018-04-05','sjfoo79@yahoo.com','2020-04-05',NULL,NULL,NULL,1,'FB'),(103,'MUHAMMAD FARHAN BIN MOHAMED NOR','017-926 0238','2018-04-06','gantz52@gmail.com','2020-04-06',NULL,NULL,NULL,1,'FB'),(104,'JUELIE KOH UNG UNG','012-378 7775','2018-05-04','juelie_koh@yahoo.com','2020-05-04',NULL,NULL,NULL,1,'FB'),(105,'SEAN TAY TECK SEONG','012-423 1282','2018-04-06','tayteckseong@gmail.com','2020-04-06',NULL,NULL,NULL,1,'FB'),(106,'SUSAN CHIN','012-300 5244','2018-04-09','susanchin69@yahoo.com','2020-04-09',NULL,NULL,NULL,1,'FB'),(107,'ASHIDDIQUE FAIZAL BIN OSMAN','013-375 8041','2018-04-12','fadique02@yahoo.com','2020-04-12',NULL,NULL,NULL,1,'FB'),(108,'PRISCILLA OH GIAT ENG','012-318 9633','2018-04-18','lita_wwf66@yahoo.com','2020-04-18',NULL,NULL,NULL,1,'FB'),(109,'MOHD RUHAIZAL MOHD ZAINUDDIN','019-643 4424','2018-04-18','ruhaizal6017@gmail.com','2020-04-18',NULL,NULL,NULL,1,'FB'),(110,'ZAKRY ZAINUDDIN','103-277 7696','2018-04-18','zakryzainuddin@gmail.com','2020-04-18',NULL,NULL,NULL,1,'FB'),(111,'VICKY LEE JI SHU','017-619 8081','2018-04-23','jishuvicky@gmail.com','2020-04-23',NULL,NULL,NULL,1,'FB'),(112,'TAN KAH MENG','012-238 8780','2018-04-23','samkah@gmail.com','2020-04-23',NULL,NULL,NULL,1,'FB'),(113,'KWONG SOON FATT','016-260 3936','2018-04-26','alankwongsf@jasmine.com.my','2020-04-26',NULL,NULL,NULL,1,'FB'),(114,'MOHD AFFENDI MAJID','016-279 0186','2018-04-27','fendifid@yahoo.com','2020-04-27',NULL,NULL,NULL,1,'FB'),(115,'KHOR WENG YEE ','016-696 7696','2018-05-02','killer_khor@hotmail.com','2020-05-02',NULL,NULL,NULL,1,'FB'),(116,'ASMAH BINTI ABD RAHMAN','019-270 3470','2018-05-02','asmah07@gmail.com','2020-05-02',NULL,NULL,NULL,1,'FB'),(117,'NOORHANEEF BIN BAHARUDDIN','012-384 2999','2018-05-09','haneef1702@gmail.com','2020-05-09',NULL,NULL,NULL,1,NULL);
/*!40000 ALTER TABLE `pcmapp_member` ENABLE KEYS */;
UNLOCK TABLES;

--
-- Table structure for table `pcmapp_payment`
--

DROP TABLE IF EXISTS `pcmapp_payment`;
/*!40101 SET @saved_cs_client     = @@character_set_client */;
/*!40101 SET character_set_client = utf8 */;
CREATE TABLE `pcmapp_payment` (
  `id` int(11) NOT NULL AUTO_INCREMENT,
  `payment_amount` int(11) NOT NULL,
  `payment_date` date NOT NULL,
  `payment_receipt_image` varchar(100) DEFAULT NULL,
  `payment_type` varchar(1) NOT NULL,
  `payment_car_reg_no_id` int(11) NOT NULL,
  PRIMARY KEY (`id`),
  KEY `pcmapp_payment_payment_car_reg_no_i_7ae5a2b2_fk_pcmapp_me` (`payment_car_reg_no_id`),
  CONSTRAINT `pcmapp_payment_payment_car_reg_no_i_7ae5a2b2_fk_pcmapp_me` FOREIGN KEY (`payment_car_reg_no_id`) REFERENCES `pcmapp_member` (`id`)
) ENGINE=InnoDB AUTO_INCREMENT=118 DEFAULT CHARSET=utf8;
/*!40101 SET character_set_client = @saved_cs_client */;

--
-- Dumping data for table `pcmapp_payment`
--

LOCK TABLES `pcmapp_payment` WRITE;
/*!40000 ALTER TABLE `pcmapp_payment` DISABLE KEYS */;
INSERT INTO `pcmapp_payment` VALUES (1,120,'2018-04-13','','2',1),(2,120,'2018-02-28','','2',2),(3,120,'2016-05-04','','2',3),(4,120,'2018-02-28','','2',4),(5,120,'2018-04-24','','2',5),(6,120,'2018-05-01','','2',6),(7,120,'2016-04-23','','2',7),(8,120,'2016-05-12','','2',8),(9,120,'2018-04-22','','2',9),(10,120,'2016-04-22','','2',10),(11,120,'2016-04-20','','2',11),(12,120,'2016-04-30','','2',12),(13,120,'2016-05-05','','2',13),(14,120,'2016-05-05','','2',14),(15,120,'2016-05-04','','2',15),(16,120,'2016-05-04','','2',16),(17,120,'2016-05-06','','2',17),(18,120,'2016-05-14','','2',18),(19,120,'2018-05-19','','2',19),(20,120,'2016-06-12','','2',20),(21,120,'2016-05-18','','2',21),(22,120,'2016-10-23','','2',22),(23,120,'2016-11-10','','2',23),(24,120,'2017-03-17','','2',24),(25,120,'2017-05-12','','2',25),(26,120,'2017-05-17','','2',26),(27,120,'2017-06-01','','2',27),(28,120,'2017-05-26','','2',28),(29,120,'2017-05-26','','2',29),(30,120,'2017-06-02','','2',30),(31,120,'2017-07-04','','2',31),(32,120,'2017-09-02','','2',32),(33,120,'2017-09-30','','2',33),(34,120,'2017-10-16','','2',34),(35,120,'2018-01-12','','2',35),(36,120,'2018-01-21','','2',36),(37,120,'2018-02-02','','2',37),(38,120,'2018-02-14','','2',38),(39,120,'2018-02-15','','2',39),(40,120,'2018-02-26','','2',40),(41,120,'2018-02-28','','2',41),(42,120,'2016-05-26','','2',42),(43,120,'2016-06-18','','2',43),(44,120,'2016-06-17','','2',44),(45,120,'2016-06-29','','2',45),(46,120,'2016-06-17','','2',46),(47,120,'2016-07-01','','2',47),(48,120,'2016-09-06','','2',48),(49,120,'2016-10-27','','2',49),(50,120,'2016-10-27','','2',50),(51,120,'2016-11-01','','2',51),(52,120,'2016-11-03','','2',52),(53,120,'2016-11-09','','2',53),(54,120,'2016-11-19','','2',54),(55,120,'2016-11-20','','2',55),(56,120,'2016-11-21','','2',56),(57,120,'2016-11-21','','2',57),(58,120,'2016-11-22','','2',58),(59,120,'2016-12-12','','2',59),(60,120,'2016-12-27','','2',60),(61,120,'2017-01-12','','2',61),(62,120,'2017-01-17','','2',62),(63,120,'2017-01-17','','2',63),(64,120,'2017-01-17','','2',64),(65,120,'2017-01-25','','2',65),(66,120,'2017-02-06','','2',66),(67,120,'2017-02-08','','2',67),(68,120,'2017-02-19','','2',68),(69,120,'2017-03-09','','2',69),(70,120,'2017-03-13','','2',70),(71,120,'2017-03-17','','2',71),(72,120,'2017-03-18','','2',72),(73,120,'2017-03-24','','2',73),(74,120,'2017-03-27','','2',74),(75,120,'2017-04-02','','2',75),(76,120,'2017-04-06','','2',76),(77,120,'2017-05-16','','2',77),(78,120,'2017-05-18','','2',78),(79,120,'2017-05-20','','2',79),(80,120,'2017-06-07','','2',80),(81,120,'2017-06-20','','2',81),(82,120,'2017-07-11','','2',82),(83,120,'2017-07-14','','2',83),(84,120,'2017-07-17','','2',84),(85,120,'2017-07-18','','2',85),(86,120,'2017-07-25','','2',86),(87,120,'2017-08-02','','2',87),(88,120,'2017-08-02','','2',88),(89,120,'2017-08-04','','2',89),(90,120,'2017-08-20','','2',90),(91,120,'2017-09-06','','2',91),(92,120,'2017-09-27','','2',92),(93,120,'2017-10-16','','2',93),(94,120,'2017-10-30','','2',94),(95,120,'2017-11-17','','2',95),(96,120,'2017-12-20','','2',96),(97,120,'2018-01-28','','2',97),(98,120,'2018-02-17','','2',98),(99,120,'2018-04-05','','2',99),(100,120,'2018-04-05','','2',100),(101,120,'2018-04-05','','2',101),(102,120,'2018-04-05','','2',102),(103,120,'2018-04-06','','2',103),(104,120,'2018-05-04','','2',104),(105,120,'2018-04-06','','2',105),(106,120,'2018-04-09','','2',106),(107,120,'2018-04-12','','2',107),(108,120,'2018-04-18','','2',108),(109,120,'2018-04-18','','2',109),(110,120,'2018-04-18','','2',110),(111,120,'2018-04-23','','2',111),(112,120,'2018-04-23','','2',112),(113,120,'2018-04-26','','2',113),(114,120,'2018-04-27','','2',114),(115,120,'2018-05-02','','2',115),(116,120,'2018-05-02','','2',116),(117,120,'2018-05-09','','1',117);
/*!40000 ALTER TABLE `pcmapp_payment` ENABLE KEYS */;
UNLOCK TABLES;
/*!40103 SET TIME_ZONE=@OLD_TIME_ZONE */;

/*!40101 SET SQL_MODE=@OLD_SQL_MODE */;
/*!40014 SET FOREIGN_KEY_CHECKS=@OLD_FOREIGN_KEY_CHECKS */;
/*!40014 SET UNIQUE_CHECKS=@OLD_UNIQUE_CHECKS */;
/*!40101 SET CHARACTER_SET_CLIENT=@OLD_CHARACTER_SET_CLIENT */;
/*!40101 SET CHARACTER_SET_RESULTS=@OLD_CHARACTER_SET_RESULTS */;
/*!40101 SET COLLATION_CONNECTION=@OLD_COLLATION_CONNECTION */;
/*!40111 SET SQL_NOTES=@OLD_SQL_NOTES */;

-- Dump completed on 2018-06-03  7:04:03
